{"Et-PhenCar-Phos": [0.12156862745098039, 0.47058823529411764, 0.7058823529411765, 1.0], "PPh3": [0.6509803921568628, 0.807843137254902, 0.8901960784313725, 1.0], "PPhMe2": [0.6980392156862745, 0.8745098039215686, 0.5411764705882353, 1.0], "CgMe-PPh": [0.2, 0.6274509803921569, 0.17254901960784313, 1.0], "JackiePhos": [0.41568627450980394, 0.23921568627450981, 0.6039215686274509, 1.0], "Cy-BippyPhos": [0.8901960784313725, 0.10196078431372549, 0.10980392156862745, 1.0], "PPh2Me": [0.9921568627450981, 0.7490196078431373, 0.43529411764705883, 1.0], "tBPh-CPhos": [1.0, 0.4980392156862745, 0.0, 1.0], "P(fur)3": [0.792156862745098, 0.6980392156862745, 0.8392156862745098, 1.0], "Cy-vBRIDP": [0.984313725490196, 0.6039215686274509, 0.6, 1.0], "X-Phos": [1.0, 1.0, 0.6, 1.0], "P(3,5-CF3-Ph)3": [0.6941176470588235, 0.34901960784313724, 0.1568627450980392, 1.0]}